spot_name,district,amenity_name,amenity_type,lat,lon
Sri Gnana Saraswathi Temple,Nirmal,"TG TSTDC Haritha Hotel & Restaurant, Basara",restaurant,18.8796,77.9566
Sri Gnana Saraswathi Temple,Nirmal,"State Bank of India (SBI) ATM, Basara",atm,18.8769,77.9544
Sri Gnana Saraswathi Temple,Nirmal,"Government Primary Health Centre, Basara",hospital,18.8801,77.9536
Vyasa Maharshi Cave,Nirmal,Sri Sai Ram Tiffin & Mess Center,restaurant,18.881,77.9552
Vyasa Maharshi Cave,Nirmal,"Telangana Grameena Bank ATM, Basara",atm,18.8783,77.953
Vyasa Maharshi Cave,Nirmal,Nirmal Area Hospital,hospital,18.8815,77.9522
Godavari River & Bathing Ghat,Nirmal,Basara Temple Annadanam Complex,restaurant,18.8785,77.9572
Godavari River & Bathing Ghat,Nirmal,"State Bank of India (SBI) ATM, Basara",atm,18.8758,77.955
Godavari River & Bathing Ghat,Nirmal,"Government Primary Health Centre, Basara",hospital,18.879,77.9542
Lord Shiva Temple,Nirmal,Hotel Sri Krishna,restaurant,18.88,77.9562
Lord Shiva Temple,Nirmal,"Telangana Grameena Bank ATM, Basara",atm,18.8773,77.954
Lord Shiva Temple,Nirmal,Nirmal Area Hospital,hospital,18.8805,77.9532
Ashok Sagar / Jankampet Lake,Nizamabad,Hotel Nikhil Sai International,restaurant,18.7505,78.0397
Ashok Sagar / Jankampet Lake,Nizamabad,State Bank of India ATM,atm,18.7478,78.0375
Ashok Sagar / Jankampet Lake,Nizamabad,Government General Hospital Nizamabad,hospital,18.751,78.0367
Sri Laxmi Narshima Swamy Temple - Jankampet,Nizamabad,Venkateswara Grand,restaurant,18.752,78.0402
Sri Laxmi Narshima Swamy Temple - Jankampet,Nizamabad,Telangana Grameena Bank ATM,atm,18.7493,78.038
Sri Laxmi Narshima Swamy Temple - Jankampet,Nizamabad,Pragathi Hospital,hospital,18.7525,78.0372
Ali Sagar Dam,Nizamabad,Ali Sagar Park Canteen,restaurant,18.6475,78.0189
Sri Sita Rama Temple,Bhadradri Kothagudem,Sri Venkateswara Hotel & Dining,restaurant,17.6705,80.8888
Sri Sita Rama Temple,Bhadradri Kothagudem,Telangana Grameena Bank ATM,atm,17.6678,80.8866
Sri Sita Rama Temple,Bhadradri Kothagudem,Government Area Hospital,hospital,17.671,80.8858
Godavari Ghat,Bhadradri Kothagudem,Deccan Spice Restaurant,restaurant,17.67,80.8872
Godavari Ghat,Bhadradri Kothagudem,State Bank of India (SBI) ATM,atm,17.6673,80.885
Godavari Ghat,Bhadradri Kothagudem,Government Primary Health Centre,hospital,17.6705,80.8842
Bogatha Waterfall,Mulugu,TSTDC Haritha Tourism Restaurant,restaurant,18.482683,80.500977
Kinnerasani Dam,Bhadradri Kothagudem,Sri Venkateswara Hotel & Dining,restaurant,17.6855,80.6562
Kinnerasani Wildlife Sanctuary,Bhadradri Kothagudem,Deccan Spice Restaurant,restaurant,17.6855,80.6562
Sri Abhaya Anjaneya Temple,Bhadradri Kothagudem,TSTDC Haritha Tourism Restaurant,restaurant,17.8573,80.8131
Sri Abhaya Anjaneya Temple,Bhadradri Kothagudem,State Bank of India (SBI) ATM,atm,17.8546,80.8109
Sri Abhaya Anjaneya Temple,Bhadradri Kothagudem,Government Primary Health Centre,hospital,17.8578,80.8101
Parnasala,Bhadradri Kothagudem,Sri Venkateswara Hotel & Dining,restaurant,17.9295,80.8932
Parnasala,Bhadradri Kothagudem,Telangana Grameena Bank ATM,atm,17.9268,80.891
Parnasala,Bhadradri Kothagudem,Government Area Hospital,hospital,17.93,80.8902
Thousand Pillar Temple,Hanumakonda,Mourya Hotel & Dining,restaurant,18.0048,79.5758
Thousand Pillar Temple,Hanumakonda,HDFC Bank ATM,atm,18.0021,79.5736
Thousand Pillar Temple,Hanumakonda,Jaya Hospitals,hospital,18.0053,79.5728
Warangal Fort,Warangal,TSTDC Haritha Kakatiya Hotel,restaurant,17.957,79.617
Warangal Fort,Warangal,Union Bank of India ATM,atm,17.9543,79.6148
Warangal Fort,Warangal,Rohini Hospital,hospital,17.9575,79.614
Bhadra Kali Temple,Hanumakonda,Subhedari Hotel & Restaurant,restaurant,17.9959,79.5774
Bhadra Kali Temple,Hanumakonda,Telangana Grameena Bank ATM,atm,17.9932,79.5752
Bhadra Kali Temple,Hanumakonda,MGM Government Hospital,hospital,17.9964,79.5744
Jain Temple - Kolanupaka,Yadadri Bhuvanagiri,Hotel Sri Kanakadurga,restaurant,17.7097,78.9714
Jain Temple - Kolanupaka,Yadadri Bhuvanagiri,Union Bank of India ATM,atm,17.707,78.9692
Jain Temple - Kolanupaka,Yadadri Bhuvanagiri,Yadadri Community Health Center,hospital,17.7102,78.9684
Ramappa Temple,Mulugu,TSTDC Haritha Tourism Restaurant,restaurant,18.2608,79.9444
Ramappa Temple,Mulugu,State Bank of India (SBI) ATM,atm,18.2581,79.9422
Ramappa Temple,Mulugu,Government Primary Health Centre,hospital,18.2613,79.9414
Siddeswara Temple,Hanumakonda,Sri Kanya Comfort Restaurant,restaurant,18.0481,79.5751
Siddeswara Temple,Hanumakonda,Telangana Grameena Bank ATM,atm,18.0454,79.5729
Siddeswara Temple,Hanumakonda,MGM Government Hospital,hospital,18.0486,79.5721
Sri Veeranarayana Temple,Yadadri Bhuvanagiri,Sri Shyam Biryani Point,restaurant,17.7105,78.9727
Sri Veeranarayana Temple,Yadadri Bhuvanagiri,State Bank of India ATM Yadadri,atm,17.7078,78.9705
Sri Veeranarayana Temple,Yadadri Bhuvanagiri,Government Area Hospital Bhongir,hospital,17.711,78.9697
Musical Garden & Planeterium,Hanumakonda,Haritha Kakatiya Hotel,restaurant,18.0271,79.4961
Musical Garden & Planeterium,Hanumakonda,State Bank of India ATM,atm,18.0244,79.4939
Musical Garden & Planeterium,Hanumakonda,Rohini Super Speciality Hospital,hospital,18.0276,79.4931
Mallikarjuna Swamy Temple - Inavolu,Hanumakonda,Mourya Hotel & Dining,restaurant,17.9831,79.5511
Mallikarjuna Swamy Temple - Inavolu,Hanumakonda,Telangana Grameena Bank ATM,atm,17.9804,79.5489
Mallikarjuna Swamy Temple - Inavolu,Hanumakonda,MGM Government Hospital,hospital,17.9836,79.5481
Pakhal Lake & Wildlife Sanctuary,Warangal,Warangal Food Court,restaurant,17.9515,79.9812
Pakhal Lake & Wildlife Sanctuary,Warangal,Union Bank of India ATM,atm,17.9488,79.979
Pakhal Lake & Wildlife Sanctuary,Warangal,Rohini Hospital,hospital,17.952,79.9782
Bheemuni Paadam Waterfalls,Mahabubabad,TSTDC Haritha Tourism Restaurant,restaurant,17.4815,80.0212
Bheemuni Paadam Waterfalls,Mahabubabad,State Bank of India (SBI) ATM,atm,17.4788,80.019
Bheemuni Paadam Waterfalls,Mahabubabad,Government Primary Health Centre,hospital,17.482,80.0182
Laknavaram Lake,Mulugu,Sri Venkateswara Hotel & Dining,restaurant,18.1495,80.0615
Eturnagaram Sanctuary,Mulugu,Deccan Spice Restaurant,restaurant,18.3385,80.4297
Eturnagaram Sanctuary,Mulugu,State Bank of India (SBI) ATM,atm,18.3358,80.4275
Eturnagaram Sanctuary,Mulugu,Government Primary Health Centre,hospital,18.339,80.4267
Pandavula Guhalu,Jayashankar Bhupalpally,TSTDC Haritha Tourism Restaurant,restaurant,18.2575,79.7932
Pandavula Guhalu,Jayashankar Bhupalpally,Telangana Grameena Bank ATM,atm,18.2548,79.791
Pandavula Guhalu,Jayashankar Bhupalpally,Government Area Hospital,hospital,18.258,79.7902
Medaram,Mulugu,Sri Venkateswara Hotel & Dining,restaurant,18.3225,80.244
Medaram,Mulugu,State Bank of India (SBI) ATM,atm,18.3198,80.2418
Medaram,Mulugu,Government Primary Health Centre,hospital,18.323,80.241
Sri Someswara Temple - Kolanupaka,Yadadri Bhuvanagiri,Hotel Sri Kanakadurga,restaurant,17.709,78.971
Sri Someswara Temple - Kolanupaka,Yadadri Bhuvanagiri,Union Bank of India ATM,atm,17.7063,78.9688
Sri Someswara Temple - Kolanupaka,Yadadri Bhuvanagiri,Yadadri Community Health Center,hospital,17.7095,78.968
Charminar,Hyderabad,Minerva Coffee Room,restaurant,17.3631,78.4759
Charminar,Hyderabad,SBI ATM Main Branch,atm,17.3604,78.4737
Charminar,Hyderabad,Apollo Hospital Jubilee Hills,hospital,17.3636,78.4729
Chowmahalla Palace,Hyderabad,Exotica Restaurant,restaurant,17.3597,78.4729
Chowmahalla Palace,Hyderabad,HDFC Bank ATM,atm,17.357,78.4707
Chowmahalla Palace,Hyderabad,KIMS Hospital Secunderabad,hospital,17.3602,78.4699
Falaknuma Palace,Hyderabad,Nimrah Bakery & Cafe,restaurant,17.3323,78.4678
Falaknuma Palace,Hyderabad,ICICI Bank ATM,atm,17.3296,78.4656
Falaknuma Palace,Hyderabad,Yashoda Hospital Malakpet,hospital,17.3328,78.4648
Golkonda / Golconda Fort,Hyderabad,Shadab Hotel & Restaurant,restaurant,17.3848,78.4023
Golkonda / Golconda Fort,Hyderabad,Axis Bank ATM,atm,17.3821,78.4001
Golkonda / Golconda Fort,Hyderabad,Osmania General Hospital,hospital,17.3853,78.3993
Birla Temple,Hyderabad,Bavarchi Restaurant,restaurant,17.4077,78.4803
Birla Temple,Hyderabad,Union Bank of India ATM,atm,17.405,78.4781
Birla Temple,Hyderabad,NIMS Hospital Punjagutta,hospital,17.4082,78.4773
Qutub Shahi Tombs,Hyderabad,Chutneys Restaurant,restaurant,17.396964,78.397711
Qutub Shahi Tombs,Hyderabad,SBI ATM Main Branch,atm,17.394264,78.395511
Qutub Shahi Tombs,Hyderabad,Apollo Hospital Jubilee Hills,hospital,17.397464,78.394711
Buddha Statue,Hyderabad,Paradise Biryani,restaurant,17.404082,78.469366
Buddha Statue,Hyderabad,HDFC Bank ATM,atm,17.401382,78.467166
Buddha Statue,Hyderabad,KIMS Hospital Secunderabad,hospital,17.404582,78.466366
Lumbini Park,Hyderabad,Shah Ghouse Hotel,restaurant,17.4122,78.4756
Lumbini Park,Hyderabad,ICICI Bank ATM,atm,17.4095,78.4734
Lumbini Park,Hyderabad,Yashoda Hospital Malakpet,hospital,17.4127,78.4726
Nehru Zoological Park,Hyderabad,Minerva Coffee Room,restaurant,17.3518,78.4528
Nehru Zoological Park,Hyderabad,Axis Bank ATM,atm,17.3491,78.4506
Nehru Zoological Park,Hyderabad,Osmania General Hospital,hospital,17.3523,78.4498
Birla Planetarium & Science Museum,Hyderabad,Exotica Restaurant,restaurant,17.4055,78.4782
Birla Planetarium & Science Museum,Hyderabad,Union Bank of India ATM,atm,17.4028,78.476
Birla Planetarium & Science Museum,Hyderabad,NIMS Hospital Punjagutta,hospital,17.406,78.4752
Salar Jung Museum,Hyderabad,Nimrah Bakery & Cafe,restaurant,17.3729,78.4816
Salar Jung Museum,Hyderabad,SBI ATM Main Branch,atm,17.3702,78.4794
Salar Jung Museum,Hyderabad,Apollo Hospital Jubilee Hills,hospital,17.3734,78.4786
Ramoji Film City,Ranga Reddy,Deccan Spice Restaurant,restaurant,17.2558,78.6818
Ramoji Film City,Ranga Reddy,Telangana Grameena Bank ATM,atm,17.2531,78.6796
Ramoji Film City,Ranga Reddy,Government Area Hospital,hospital,17.2563,78.6788
Sri Rama Chandra Temple - Ammapalli,Ranga Reddy,TSTDC Haritha Tourism Restaurant,restaurant,17.2971,78.3853
Sri Rama Chandra Temple - Ammapalli,Ranga Reddy,State Bank of India (SBI) ATM,atm,17.2944,78.3831
Sri Rama Chandra Temple - Ammapalli,Ranga Reddy,Government Primary Health Centre,hospital,17.2976,78.3823
Anantagiri Hills,Vikarabad,Sri Venkateswara Hotel & Dining,restaurant,17.4174,77.8085
Anantagiri Hills,Vikarabad,Telangana Grameena Bank ATM,atm,17.4147,77.8063
Anantagiri Hills,Vikarabad,Government Area Hospital,hospital,17.4179,77.8055
Bugga Rameshwaram Temple - Anantagiri Hills,Vikarabad,Deccan Spice Restaurant,restaurant,17.4044,77.7255
Bugga Rameshwaram Temple - Anantagiri Hills,Vikarabad,State Bank of India (SBI) ATM,atm,17.4017,77.7233
Bugga Rameshwaram Temple - Anantagiri Hills,Vikarabad,Government Primary Health Centre,hospital,17.4049,77.7225
Wargal Saraswati Temple,Siddipet,TSTDC Haritha Tourism Restaurant,restaurant,17.7827,78.6317
Wargal Saraswati Temple,Siddipet,Telangana Grameena Bank ATM,atm,17.78,78.6295
Wargal Saraswati Temple,Siddipet,Government Area Hospital,hospital,17.7832,78.6287
Bhongir Fort,Yadadri Bhuvanagiri,TSTDC Haritha Hotel Yadadri,restaurant,17.5164,78.8936
Bhongir Fort,Yadadri Bhuvanagiri,State Bank of India ATM Yadadri,atm,17.5137,78.8914
Bhongir Fort,Yadadri Bhuvanagiri,Government Area Hospital Bhongir,hospital,17.5169,78.8906
Edupayala Vana Durga Bhavani Temple,Medak,Deccan Spice Restaurant,restaurant,17.964,78.1327
Edupayala Vana Durga Bhavani Temple,Medak,Telangana Grameena Bank ATM,atm,17.9613,78.1305
Edupayala Vana Durga Bhavani Temple,Medak,Government Area Hospital,hospital,17.9645,78.1297
Singur Dam,Sangareddy,TSTDC Haritha Tourism Restaurant,restaurant,17.7487,77.8117
Medak Church,Medak,Sri Venkateswara Hotel & Dining,restaurant,18.045,78.263
Medak Church,Medak,Telangana Grameena Bank ATM,atm,18.0423,78.2608
Medak Church,Medak,Government Area Hospital,hospital,18.0455,78.26
Pillalamarri / Big Banyan Tree,Mahabubnagar,Deccan Spice Restaurant,restaurant,16.7475,78.0122
Pillalamarri / Big Banyan Tree,Mahabubnagar,State Bank of India (SBI) ATM,atm,16.7448,78.01
Pillalamarri / Big Banyan Tree,Mahabubnagar,Government Primary Health Centre,hospital,16.748,78.0092
Yadagirigutta,Yadadri Bhuvanagiri,Sri Lakshmi Narasimha Mess,restaurant,17.5903,78.9509
Yadagirigutta,Yadadri Bhuvanagiri,Union Bank of India ATM,atm,17.5876,78.9487
Yadagirigutta,Yadadri Bhuvanagiri,Yadadri Community Health Center,hospital,17.5908,78.9479
Pocharam Dam & Wildlife Sanctuary,Medak,Sri Venkateswara Hotel & Dining,restaurant,18.1515,78.1912
Vemulawada Raja Rajeshwara Swamy Temple,Rajanna Sircilla,Deccan Spice Restaurant,restaurant,18.3655,78.8362
Vemulawada Raja Rajeshwara Swamy Temple,Rajanna Sircilla,Telangana Grameena Bank ATM,atm,18.3628,78.834
Vemulawada Raja Rajeshwara Swamy Temple,Rajanna Sircilla,Government Area Hospital,hospital,18.366,78.8332
Purana Haveli,Hyderabad,Minerva Coffee Room,restaurant,17.4248,78.4546
Purana Haveli,Hyderabad,Union Bank of India ATM,atm,17.4221,78.4524
Purana Haveli,Hyderabad,NIMS Hospital Punjagutta,hospital,17.4253,78.4516
Mecca Masjid,Hyderabad,Exotica Restaurant,restaurant,17.3621,78.4747
Mecca Masjid,Hyderabad,SBI ATM Main Branch,atm,17.3594,78.4725
Mecca Masjid,Hyderabad,Apollo Hospital Jubilee Hills,hospital,17.3626,78.4717
Chilukur Balaji Temple,Ranga Reddy,Deccan Spice Restaurant,restaurant,17.3501,78.4223
Chilukur Balaji Temple,Ranga Reddy,State Bank of India (SBI) ATM,atm,17.3474,78.4201
Chilukur Balaji Temple,Ranga Reddy,Government Primary Health Centre,hospital,17.3506,78.4193
Kamaldham Mandir / Lotus Temple,Ranga Reddy,TSTDC Haritha Tourism Restaurant,restaurant,17.2521,78.4173
Kamaldham Mandir / Lotus Temple,Ranga Reddy,Telangana Grameena Bank ATM,atm,17.2494,78.4151
Kamaldham Mandir / Lotus Temple,Ranga Reddy,Government Area Hospital,hospital,17.2526,78.4143
Keesara Gutta,Medchal-Malkajgiri,Sri Venkateswara Hotel & Dining,restaurant,17.5265,78.6822
Keesara Gutta,Medchal-Malkajgiri,State Bank of India (SBI) ATM,atm,17.5238,78.68
Keesara Gutta,Medchal-Malkajgiri,Government Primary Health Centre,hospital,17.527,78.6792
Nagarjuna Sagar,Nalgonda,Deccan Spice Restaurant,restaurant,16.496553,79.195839
Nagarjuna Sagar,Nalgonda,Telangana Grameena Bank ATM,atm,16.493853,79.193639
Nagarjuna Sagar,Nalgonda,Government Area Hospital,hospital,16.497053,79.192839
Maula Ali Dargah,Medchal-Malkajgiri,TSTDC Haritha Tourism Restaurant,restaurant,17.4891,78.5175
Maula Ali Dargah,Medchal-Malkajgiri,State Bank of India (SBI) ATM,atm,17.4864,78.5153
Maula Ali Dargah,Medchal-Malkajgiri,Government Primary Health Centre,hospital,17.4896,78.5145
Paigah Tombs,Hyderabad,Shah Ghouse Hotel,restaurant,17.3453,78.5
Paigah Tombs,Hyderabad,HDFC Bank ATM,atm,17.3426,78.4978
Paigah Tombs,Hyderabad,KIMS Hospital Secunderabad,hospital,17.3458,78.497
Sanghi Temple,Ranga Reddy,Deccan Spice Restaurant,restaurant,17.2675,78.6832
Sanghi Temple,Ranga Reddy,State Bank of India (SBI) ATM,atm,17.2648,78.681
Sanghi Temple,Ranga Reddy,Government Primary Health Centre,hospital,17.268,78.6802
Shyam Mandir Temple / Veeranna Gutta,Hyderabad,Exotica Restaurant,restaurant,17.4418,78.4306
Shyam Mandir Temple / Veeranna Gutta,Hyderabad,Axis Bank ATM,atm,17.4391,78.4284
Shyam Mandir Temple / Veeranna Gutta,Hyderabad,Osmania General Hospital,hospital,17.4423,78.4276
St. Joseph's Cathedral,Hyderabad,Nimrah Bakery & Cafe,restaurant,17.397244,78.478603
St. Joseph's Cathedral,Hyderabad,Union Bank of India ATM,atm,17.394544,78.476403
St. Joseph's Cathedral,Hyderabad,NIMS Hospital Punjagutta,hospital,17.397744,78.475603
Toli Masjid,Hyderabad,Shadab Hotel & Restaurant,restaurant,17.4598,78.4146
Toli Masjid,Hyderabad,SBI ATM Main Branch,atm,17.4571,78.4124
Toli Masjid,Hyderabad,Apollo Hospital Jubilee Hills,hospital,17.4603,78.4116
Hussain Sagar & Necklace Road,Hyderabad,Bavarchi Restaurant,restaurant,17.424477,78.475752
Hussain Sagar & Necklace Road,Hyderabad,HDFC Bank ATM,atm,17.421777,78.473552
Hussain Sagar & Necklace Road,Hyderabad,KIMS Hospital Secunderabad,hospital,17.424977,78.472752
Durgam Cheruvu / Secret Lake,Ranga Reddy,Sri Venkateswara Hotel & Dining,restaurant,17.432554,78.391197
Durgam Cheruvu / Secret Lake,Ranga Reddy,Telangana Grameena Bank ATM,atm,17.429854,78.388997
Durgam Cheruvu / Secret Lake,Ranga Reddy,Government Area Hospital,hospital,17.433054,78.388197
Himayat Sagar Lake,Ranga Reddy,Deccan Spice Restaurant,restaurant,17.315006,78.354832
Himayat Sagar Lake,Ranga Reddy,State Bank of India (SBI) ATM,atm,17.312306,78.352632
Himayat Sagar Lake,Ranga Reddy,Government Primary Health Centre,hospital,17.315506,78.351832
Osman Sagar Lake / Gandipet,Ranga Reddy,TSTDC Haritha Tourism Restaurant,restaurant,17.376205,78.288966
Osman Sagar Lake / Gandipet,Ranga Reddy,Telangana Grameena Bank ATM,atm,17.373505,78.286766
Osman Sagar Lake / Gandipet,Ranga Reddy,Government Area Hospital,hospital,17.376705,78.285966
Botanical Gardens,Ranga Reddy,Sri Venkateswara Hotel & Dining,restaurant,17.457199,78.363418
Botanical Gardens,Ranga Reddy,State Bank of India (SBI) ATM,atm,17.454498,78.361218
Botanical Gardens,Ranga Reddy,Government Primary Health Centre,hospital,17.457698,78.360418
Indira Park,Hyderabad,Exotica Restaurant,restaurant,17.4162,78.4843
Indira Park,Hyderabad,HDFC Bank ATM,atm,17.4135,78.4821
Indira Park,Hyderabad,KIMS Hospital Secunderabad,hospital,17.4167,78.4813
Krishna Kanth Park,Hyderabad,Nimrah Bakery & Cafe,restaurant,17.4568,78.4476
Krishna Kanth Park,Hyderabad,ICICI Bank ATM,atm,17.4541,78.4454
Krishna Kanth Park,Hyderabad,Yashoda Hospital Malakpet,hospital,17.4573,78.4446
Mrigavani National Park,Ranga Reddy,Sri Venkateswara Hotel & Dining,restaurant,17.2961,78.3943
Mrigavani National Park,Ranga Reddy,Telangana Grameena Bank ATM,atm,17.2934,78.3921
Mrigavani National Park,Ranga Reddy,Government Area Hospital,hospital,17.2966,78.3913
NTR Gardens,Hyderabad,Bavarchi Restaurant,restaurant,17.4143,78.472
NTR Gardens,Hyderabad,Union Bank of India ATM,atm,17.4116,78.4698
NTR Gardens,Hyderabad,NIMS Hospital Punjagutta,hospital,17.4148,78.469
Public Gardens,Hyderabad,Chutneys Restaurant,restaurant,17.4006,78.4715
Public Gardens,Hyderabad,SBI ATM Main Branch,atm,17.3979,78.4693
Public Gardens,Hyderabad,Apollo Hospital Jubilee Hills,hospital,17.4011,78.4685
Sanjeeviah Park,Hyderabad,Paradise Biryani,restaurant,17.4488,78.4266
Sanjeeviah Park,Hyderabad,HDFC Bank ATM,atm,17.4461,78.4244
Sanjeeviah Park,Hyderabad,KIMS Hospital Secunderabad,hospital,17.4493,78.4236
KBR National Park,Hyderabad,Shah Ghouse Hotel,restaurant,17.4218,78.4217
KBR National Park,Hyderabad,ICICI Bank ATM,atm,17.4191,78.4195
KBR National Park,Hyderabad,Yashoda Hospital Malakpet,hospital,17.4223,78.4187
Mahavir Harina Vanasthali National Park,Ranga Reddy,TSTDC Haritha Tourism Restaurant,restaurant,17.362514,78.609038
Mahavir Harina Vanasthali National Park,Ranga Reddy,State Bank of India (SBI) ATM,atm,17.359814,78.606838
Mahavir Harina Vanasthali National Park,Ranga Reddy,Government Primary Health Centre,hospital,17.363014,78.606038
Telangana State Museum,Hyderabad,Exotica Restaurant,restaurant,17.4268,78.4166
Telangana State Museum,Hyderabad,Union Bank of India ATM,atm,17.4241,78.4144
Telangana State Museum,Hyderabad,NIMS Hospital Punjagutta,hospital,17.4273,78.4136
Archival Museum,Hyderabad,Nimrah Bakery & Cafe,restaurant,17.4538,78.4766
Archival Museum,Hyderabad,SBI ATM Main Branch,atm,17.4511,78.4744
Archival Museum,Hyderabad,Apollo Hospital Jubilee Hills,hospital,17.4543,78.4736
Nizam's Museum,Hyderabad,Shadab Hotel & Restaurant,restaurant,17.366544,78.48447
Nizam's Museum,Hyderabad,HDFC Bank ATM,atm,17.363844,78.48227
Nizam's Museum,Hyderabad,KIMS Hospital Secunderabad,hospital,17.367044,78.48147
Shamir Pet,Medchal-Malkajgiri,Sri Venkateswara Hotel & Dining,restaurant,17.6265,78.5672
Shamir Pet,Medchal-Malkajgiri,State Bank of India (SBI) ATM,atm,17.6238,78.565
Shamir Pet,Medchal-Malkajgiri,Government Primary Health Centre,hospital,17.627,78.5642
Ocean Park,Ranga Reddy,Deccan Spice Restaurant,restaurant,17.391286,78.330144
Ocean Park,Ranga Reddy,Telangana Grameena Bank ATM,atm,17.388586,78.327944
Ocean Park,Ranga Reddy,Government Area Hospital,hospital,17.391786,78.327144
Shilparamam,Ranga Reddy,TSTDC Haritha Tourism Restaurant,restaurant,17.4543,78.3805
Shilparamam,Ranga Reddy,State Bank of India (SBI) ATM,atm,17.4516,78.3783
Shilparamam,Ranga Reddy,Government Primary Health Centre,hospital,17.4548,78.3775
Assembly,Hyderabad,Shah Ghouse Hotel,restaurant,17.3998,78.4116
Assembly,Hyderabad,SBI ATM Main Branch,atm,17.3971,78.4094
Assembly,Hyderabad,Apollo Hospital Jubilee Hills,hospital,17.4003,78.4086
Mount Opera,Ranga Reddy,Deccan Spice Restaurant,restaurant,17.316593,78.722975
Mount Opera,Ranga Reddy,State Bank of India (SBI) ATM,atm,17.313893,78.720775
Mount Opera,Ranga Reddy,Government Primary Health Centre,hospital,17.317093,78.719975
Peddamma Temple,Hyderabad,Exotica Restaurant,restaurant,17.435,78.4077
Peddamma Temple,Hyderabad,ICICI Bank ATM,atm,17.4323,78.4055
Peddamma Temple,Hyderabad,Yashoda Hospital Malakpet,hospital,17.4355,78.4047
Medak Fort,Medak,Sri Venkateswara Hotel & Dining,restaurant,18.0475,78.2442
Medak Fort,Medak,State Bank of India (SBI) ATM,atm,18.0448,78.242
Medak Fort,Medak,Government Primary Health Centre,hospital,18.048,78.2412
Kuntala Waterfalls,Adilabad,Deccan Spice Restaurant,restaurant,19.2801,78.4867
Pochera Waterfalls,Adilabad,TSTDC Haritha Tourism Restaurant,restaurant,19.292,78.3762
Jainath Temple,Adilabad,Sri Venkateswara Hotel & Dining,restaurant,19.307,78.4542
Jainath Temple,Adilabad,Telangana Grameena Bank ATM,atm,19.3043,78.452
Jainath Temple,Adilabad,Government Area Hospital,hospital,19.3075,78.4512
Hanuman statue,Bhadradri Kothagudem,Deccan Spice Restaurant,restaurant,17.675066,80.886734
Hanuman statue,Bhadradri Kothagudem,State Bank of India (SBI) ATM,atm,17.672366,80.884534
Hanuman statue,Bhadradri Kothagudem,Government Primary Health Centre,hospital,17.675566,80.883734
Bhadrakali Lake,Hanumakonda,Haritha Kakatiya Hotel,restaurant,17.991388,79.581952
Bhadrakali Lake,Hanumakonda,State Bank of India ATM,atm,17.988688,79.579752
Bhadrakali Lake,Hanumakonda,Rohini Super Speciality Hospital,hospital,17.991888,79.578952
Kakatiya Zoological Park,Hanumakonda,Mourya Hotel & Dining,restaurant,17.9948,79.5616
Kakatiya Zoological Park,Hanumakonda,Telangana Grameena Bank ATM,atm,17.9921,79.5594
Kakatiya Zoological Park,Hanumakonda,MGM Government Hospital,hospital,17.9953,79.5586
Kothakonda Peak,Hanumakonda,Sri Kanya Comfort Restaurant,restaurant,18.043655,79.313573
Kothakonda Peak,Hanumakonda,HDFC Bank ATM,atm,18.040955,79.311373
Kothakonda Peak,Hanumakonda,Jaya Hospitals,hospital,18.044155,79.310573
Public Garden (Hanumakonda),Hanumakonda,Subhedari Hotel & Restaurant,restaurant,18.0103,79.5613
Public Garden (Hanumakonda),Hanumakonda,State Bank of India ATM,atm,18.0076,79.5591
Public Garden (Hanumakonda),Hanumakonda,Rohini Super Speciality Hospital,hospital,18.0108,79.5583
Shiva Parvathi Statue,Hanumakonda,Haritha Kakatiya Hotel,restaurant,17.996834,79.5846
Shiva Parvathi Statue,Hanumakonda,Telangana Grameena Bank ATM,atm,17.994134,79.5824
Shiva Parvathi Statue,Hanumakonda,MGM Government Hospital,hospital,17.997334,79.5816
Yerragattu Gutta,Hanumakonda,Mourya Hotel & Dining,restaurant,18.056744,79.534483
Yerragattu Gutta,Hanumakonda,HDFC Bank ATM,atm,18.054044,79.532283
Yerragattu Gutta,Hanumakonda,Jaya Hospitals,hospital,18.057244,79.531483
Inavolu Mallikarjuna Swamy Temple,Hanumakonda,Sri Kanya Comfort Restaurant,restaurant,17.9971,79.4981
Inavolu Mallikarjuna Swamy Temple,Hanumakonda,State Bank of India ATM,atm,17.9944,79.4959
Inavolu Mallikarjuna Swamy Temple,Hanumakonda,Rohini Super Speciality Hospital,hospital,17.9976,79.4951
Annamayya Concert Bhavan,Hyderabad,Paradise Biryani,restaurant,17.462033,78.377254
Annamayya Concert Bhavan,Hyderabad,SBI ATM Main Branch,atm,17.459333,78.375054
Annamayya Concert Bhavan,Hyderabad,Apollo Hospital Jubilee Hills,hospital,17.462533,78.374254
Annapurna Studios,Hyderabad,Shah Ghouse Hotel,restaurant,17.430011,78.42489
Annapurna Studios,Hyderabad,HDFC Bank ATM,atm,17.427311,78.42269
Annapurna Studios,Hyderabad,KIMS Hospital Secunderabad,hospital,17.430511,78.42189
Arts College (Osmania University),Hyderabad,Minerva Coffee Room,restaurant,17.420702,78.52751
Arts College (Osmania University),Hyderabad,ICICI Bank ATM,atm,17.418002,78.52531
Arts College (Osmania University),Hyderabad,Yashoda Hospital Malakpet,hospital,17.421202,78.52451
Banjara Lake,Hyderabad,Exotica Restaurant,restaurant,17.412254,78.449114
Banjara Lake,Hyderabad,Axis Bank ATM,atm,17.409554,78.446914
Banjara Lake,Hyderabad,Osmania General Hospital,hospital,17.412754,78.446114
Bapu Ghat,Hyderabad,Nimrah Bakery & Cafe,restaurant,17.374083,78.414801
Bapu Ghat,Hyderabad,Union Bank of India ATM,atm,17.371383,78.412601
Bapu Ghat,Hyderabad,NIMS Hospital Punjagutta,hospital,17.374583,78.411801
Basilica of Our Lady of the Assumption,Hyderabad,Shadab Hotel & Restaurant,restaurant,17.443768,78.50341
Basilica of Our Lady of the Assumption,Hyderabad,SBI ATM Main Branch,atm,17.441068,78.50121
Basilica of Our Lady of the Assumption,Hyderabad,Apollo Hospital Jubilee Hills,hospital,17.444268,78.50041
Bhagwan Das Bagh,Hyderabad,Bavarchi Restaurant,restaurant,17.380335,78.440651
Bhagwan Das Bagh,Hyderabad,HDFC Bank ATM,atm,17.377635,78.438451
Bhagwan Das Bagh,Hyderabad,KIMS Hospital Secunderabad,hospital,17.380835,78.437651
Biodiversity Park,Hyderabad,Chutneys Restaurant,restaurant,17.430563,78.377711
Biodiversity Park,Hyderabad,ICICI Bank ATM,atm,17.427863,78.375511
Biodiversity Park,Hyderabad,Yashoda Hospital Malakpet,hospital,17.431063,78.374711
British Residency (Koti),Hyderabad,Paradise Biryani,restaurant,17.385167,78.488182
British Residency (Koti),Hyderabad,Axis Bank ATM,atm,17.382467,78.485982
British Residency (Koti),Hyderabad,Osmania General Hospital,hospital,17.385667,78.485182
Clock Tower (Secunderabad),Hyderabad,Shah Ghouse Hotel,restaurant,17.442401,78.499755
Clock Tower (Secunderabad),Hyderabad,Union Bank of India ATM,atm,17.439701,78.497555
Clock Tower (Secunderabad),Hyderabad,NIMS Hospital Punjagutta,hospital,17.442901,78.496755
Dabeerpura Darwaza,Hyderabad,Minerva Coffee Room,restaurant,17.369422,78.486369
Dabeerpura Darwaza,Hyderabad,SBI ATM Main Branch,atm,17.366722,78.484169
Dabeerpura Darwaza,Hyderabad,Apollo Hospital Jubilee Hills,hospital,17.369922,78.483369
Errum Manzil Palace,Hyderabad,Exotica Restaurant,restaurant,17.421027,78.455764
Errum Manzil Palace,Hyderabad,HDFC Bank ATM,atm,17.418327,78.453564
Errum Manzil Palace,Hyderabad,KIMS Hospital Secunderabad,hospital,17.421527,78.452764
Exhibition Grounds (Numaish),Hyderabad,Nimrah Bakery & Cafe,restaurant,17.38825,78.471671
Exhibition Grounds (Numaish),Hyderabad,ICICI Bank ATM,atm,17.38555,78.469471
Exhibition Grounds (Numaish),Hyderabad,Yashoda Hospital Malakpet,hospital,17.38875,78.468671
Fox Sagar Lake,Hyderabad,Shadab Hotel & Restaurant,restaurant,17.527446,78.469461
Fox Sagar Lake,Hyderabad,Axis Bank ATM,atm,17.524746,78.467261
Fox Sagar Lake,Hyderabad,Osmania General Hospital,hospital,17.527946,78.466461
High Court of Telangana,Hyderabad,Bavarchi Restaurant,restaurant,17.370665,78.473332
High Court of Telangana,Hyderabad,Union Bank of India ATM,atm,17.367965,78.471132
High Court of Telangana,Hyderabad,NIMS Hospital Punjagutta,hospital,17.371165,78.470332
Hill Fort Palace,Hyderabad,Chutneys Restaurant,restaurant,17.404844,78.47485
Hill Fort Palace,Hyderabad,SBI ATM Main Branch,atm,17.402144,78.47265
Hill Fort Palace,Hyderabad,Apollo Hospital Jubilee Hills,hospital,17.405344,78.47185
Horticulture Museum,Hyderabad,Paradise Biryani,restaurant,17.3928,78.4576
Horticulture Museum,Hyderabad,HDFC Bank ATM,atm,17.3901,78.4554
Horticulture Museum,Hyderabad,KIMS Hospital Secunderabad,hospital,17.3933,78.4546
Jalavihar Water Park,Hyderabad,Shah Ghouse Hotel,restaurant,17.433529,78.466513
Jalavihar Water Park,Hyderabad,ICICI Bank ATM,atm,17.430829,78.464313
Jalavihar Water Park,Hyderabad,Yashoda Hospital Malakpet,hospital,17.434029,78.463513
Kalakriti Art Gallery,Hyderabad,Minerva Coffee Room,restaurant,17.417579,78.444611
Kalakriti Art Gallery,Hyderabad,Axis Bank ATM,atm,17.414879,78.442411
Kalakriti Art Gallery,Hyderabad,Osmania General Hospital,hospital,17.418079,78.441611
Khairunnisa Tomb,Hyderabad,Exotica Restaurant,restaurant,17.4538,78.4426
Khairunnisa Tomb,Hyderabad,Union Bank of India ATM,atm,17.4511,78.4404
Khairunnisa Tomb,Hyderabad,NIMS Hospital Punjagutta,hospital,17.4543,78.4396
Khajaguda Lake,Hyderabad,Nimrah Bakery & Cafe,restaurant,17.41625,78.362977
Khajaguda Lake,Hyderabad,SBI ATM Main Branch,atm,17.41355,78.360777
Khajaguda Lake,Hyderabad,Apollo Hospital Jubilee Hills,hospital,17.41675,78.359977
Machli Kaman,Hyderabad,Shadab Hotel & Restaurant,restaurant,17.365892,78.476419
Machli Kaman,Hyderabad,HDFC Bank ATM,atm,17.363192,78.474219
Machli Kaman,Hyderabad,KIMS Hospital Secunderabad,hospital,17.366392,78.473419
Megalithic Burial Site,Hyderabad,Bavarchi Restaurant,restaurant,17.463752,78.335403
Megalithic Burial Site,Hyderabad,ICICI Bank ATM,atm,17.461052,78.333203
Megalithic Burial Site,Hyderabad,Yashoda Hospital Malakpet,hospital,17.464252,78.332403
Mehboob Chowk Clock Tower,Hyderabad,Chutneys Restaurant,restaurant,17.363379,78.472113
Mehboob Chowk Clock Tower,Hyderabad,Axis Bank ATM,atm,17.360679,78.469913
Mehboob Chowk Clock Tower,Hyderabad,Osmania General Hospital,hospital,17.363879,78.469113
Mir Alam Tank,Hyderabad,Paradise Biryani,restaurant,17.346435,78.439194
Mir Alam Tank,Hyderabad,Union Bank of India ATM,atm,17.343735,78.436994
Mir Alam Tank,Hyderabad,NIMS Hospital Punjagutta,hospital,17.346935,78.436194
Moula Ali Dargah,Hyderabad,Shah Ghouse Hotel,restaurant,17.470188,78.557927
Moula Ali Dargah,Hyderabad,SBI ATM Main Branch,atm,17.467488,78.555727
Moula Ali Dargah,Hyderabad,Apollo Hospital Jubilee Hills,hospital,17.470688,78.554927
Qutb Shahi Tombs,Hyderabad,Minerva Coffee Room,restaurant,17.3971,78.3981
Qutb Shahi Tombs,Hyderabad,HDFC Bank ATM,atm,17.3944,78.3959
Qutb Shahi Tombs,Hyderabad,KIMS Hospital Secunderabad,hospital,17.3976,78.3951
Railway Museum,Hyderabad,Exotica Restaurant,restaurant,17.390199,78.4998
Railway Museum,Hyderabad,ICICI Bank ATM,atm,17.387499,78.4976
Railway Museum,Hyderabad,Yashoda Hospital Malakpet,hospital,17.390699,78.4968
Sanjeevaiah Park,Hyderabad,Nimrah Bakery & Cafe,restaurant,17.4375,78.4822
Sanjeevaiah Park,Hyderabad,Axis Bank ATM,atm,17.4348,78.48
Sanjeevaiah Park,Hyderabad,Osmania General Hospital,hospital,17.438,78.4792
Shilpa Kala Vedika,Hyderabad,Shadab Hotel & Restaurant,restaurant,17.452892,78.380488
Shilpa Kala Vedika,Hyderabad,Union Bank of India ATM,atm,17.450192,78.378288
Shilpa Kala Vedika,Hyderabad,NIMS Hospital Punjagutta,hospital,17.453392,78.377488
Spanish Mosque,Hyderabad,Bavarchi Restaurant,restaurant,17.4443,78.47
Spanish Mosque,Hyderabad,SBI ATM Main Branch,atm,17.4416,78.4678
Spanish Mosque,Hyderabad,Apollo Hospital Jubilee Hills,hospital,17.4448,78.467
State Art Gallery,Hyderabad,Chutneys Restaurant,restaurant,17.437971,78.399168
State Art Gallery,Hyderabad,HDFC Bank ATM,atm,17.435271,78.396968
State Art Gallery,Hyderabad,KIMS Hospital Secunderabad,hospital,17.438471,78.396168
Sudha Cars Museum,Hyderabad,Paradise Biryani,restaurant,17.3565,78.4562
Sudha Cars Museum,Hyderabad,ICICI Bank ATM,atm,17.3538,78.454
Sudha Cars Museum,Hyderabad,Yashoda Hospital Malakpet,hospital,17.357,78.4532
Taramati Baradari,Hyderabad,Shah Ghouse Hotel,restaurant,17.377624,78.379363
Taramati Baradari,Hyderabad,Axis Bank ATM,atm,17.374924,78.377163
Taramati Baradari,Hyderabad,Osmania General Hospital,hospital,17.378124,78.376363
Telangana Martyrs Memorial,Hyderabad,Minerva Coffee Room,restaurant,17.401971,78.474874
Telangana Martyrs Memorial,Hyderabad,Union Bank of India ATM,atm,17.399271,78.472673
Telangana Martyrs Memorial,Hyderabad,NIMS Hospital Punjagutta,hospital,17.402471,78.471874
Tribal Museum,Hyderabad,Exotica Restaurant,restaurant,17.404656,78.451577
Tribal Museum,Hyderabad,SBI ATM Main Branch,atm,17.401956,78.449377
Tribal Museum,Hyderabad,Apollo Hospital Jubilee Hills,hospital,17.405156,78.448577
Yellamma Temple (Balkampet),Hyderabad,Nimrah Bakery & Cafe,restaurant,17.449091,78.450277
Yellamma Temple (Balkampet),Hyderabad,HDFC Bank ATM,atm,17.446391,78.448077
Yellamma Temple (Balkampet),Hyderabad,KIMS Hospital Secunderabad,hospital,17.449591,78.447277
Purani Haveli,Hyderabad,Shadab Hotel & Restaurant,restaurant,17.4458,78.4526
Purani Haveli,Hyderabad,ICICI Bank ATM,atm,17.4431,78.4504
Purani Haveli,Hyderabad,Yashoda Hospital Malakpet,hospital,17.4463,78.4496
Dharmapuri Lakshmi Narasimha Swamy Temple,Jagtial,TSTDC Haritha Tourism Restaurant,restaurant,18.9495,79.0922
Dharmapuri Lakshmi Narasimha Swamy Temple,Jagtial,State Bank of India (SBI) ATM,atm,18.9468,79.09
Dharmapuri Lakshmi Narasimha Swamy Temple,Jagtial,Government Primary Health Centre,hospital,18.95,79.0892
Jagtial Fort,Jagtial,Sri Venkateswara Hotel & Dining,restaurant,18.7975,78.9112
Jagtial Fort,Jagtial,Telangana Grameena Bank ATM,atm,18.7948,78.909
Jagtial Fort,Jagtial,Government Area Hospital,hospital,18.798,78.9082
Kondagattu Anjaneya Swamy Temple,Jagtial,Deccan Spice Restaurant,restaurant,18.6665,78.9392
Kondagattu Anjaneya Swamy Temple,Jagtial,State Bank of India (SBI) ATM,atm,18.6638,78.937
Kondagattu Anjaneya Swamy Temple,Jagtial,Government Primary Health Centre,hospital,18.667,78.9362
Ramalingeshwara Temple,Jagtial,TSTDC Haritha Tourism Restaurant,restaurant,18.8917,78.9958
Ramalingeshwara Temple,Jagtial,Telangana Grameena Bank ATM,atm,18.889,78.9936
Ramalingeshwara Temple,Jagtial,Government Area Hospital,hospital,18.8922,78.9928
Kotilingala,Jagtial,Sri Venkateswara Hotel & Dining,restaurant,18.9057,78.9518
Kotilingala,Jagtial,State Bank of India (SBI) ATM,atm,18.903,78.9496
Kotilingala,Jagtial,Government Primary Health Centre,hospital,18.9062,78.9488
Arya VYyasha  Satram,Jangaon,Deccan Spice Restaurant,restaurant,17.667632,79.428712
Arya VYyasha  Satram,Jangaon,Telangana Grameena Bank ATM,atm,17.664932,79.426512
Arya VYyasha  Satram,Jangaon,Government Area Hospital,hospital,17.668132,79.425712
Pembarthi Metal Crafts Village,Jangaon,TSTDC Haritha Tourism Restaurant,restaurant,17.7965,79.0312
Pembarthi Metal Crafts Village,Jangaon,State Bank of India (SBI) ATM,atm,17.7938,79.029
Pembarthi Metal Crafts Village,Jangaon,Government Primary Health Centre,hospital,17.797,79.0282
Khilla Ghanpur (Ghanpur Fort),Jangaon,Sri Venkateswara Hotel & Dining,restaurant,17.7645,79.1577
Khilla Ghanpur (Ghanpur Fort),Jangaon,Telangana Grameena Bank ATM,atm,17.7618,79.1555
Khilla Ghanpur (Ghanpur Fort),Jangaon,Government Area Hospital,hospital,17.765,79.1547
Kaleshwaram Temple,Jayashankar Bhupalpally,Deccan Spice Restaurant,restaurant,18.8179,79.9068
Kaleshwaram Temple,Jayashankar Bhupalpally,State Bank of India (SBI) ATM,atm,18.8152,79.9046
Kaleshwaram Temple,Jayashankar Bhupalpally,Government Primary Health Centre,hospital,18.8184,79.9038
Ramappa Lake,Mulugu,TSTDC Haritha Tourism Restaurant,restaurant,18.2565,79.9292
Ramappa Lake,Mulugu,Telangana Grameena Bank ATM,atm,18.2538,79.927
Ramappa Lake,Mulugu,Government Area Hospital,hospital,18.257,79.9262
Alampur Jogulamba Temple,Jogulamba Gadwal,Sri Venkateswara Hotel & Dining,restaurant,15.8839,78.1318
Alampur Jogulamba Temple,Jogulamba Gadwal,State Bank of India (SBI) ATM,atm,15.8812,78.1296
Alampur Jogulamba Temple,Jogulamba Gadwal,Government Primary Health Centre,hospital,15.8844,78.1288
Gadwal Fort,Jogulamba Gadwal,Deccan Spice Restaurant,restaurant,16.232,77.8024
Gadwal Fort,Jogulamba Gadwal,Telangana Grameena Bank ATM,atm,16.2293,77.8002
Gadwal Fort,Jogulamba Gadwal,Government Area Hospital,hospital,16.2325,77.7994
Guddemdoddi Balancing Reservoir Dam(not a major tourism spot),Jogulamba Gadwal,TSTDC Haritha Tourism Restaurant,restaurant,16.293126,77.653377
Guddemdoddi Balancing Reservoir Dam(not a major tourism spot),Jogulamba Gadwal,State Bank of India (SBI) ATM,atm,16.290426,77.651177
Guddemdoddi Balancing Reservoir Dam(not a major tourism spot),Jogulamba Gadwal,Government Primary Health Centre,hospital,16.293626,77.650377
Priyadarshini Jurala Dam,Jogulamba Gadwal,Sri Venkateswara Hotel & Dining,restaurant,16.338064,77.706713
Priyadarshini Jurala Dam,Jogulamba Gadwal,Telangana Grameena Bank ATM,atm,16.335363,77.704513
Priyadarshini Jurala Dam,Jogulamba Gadwal,Government Area Hospital,hospital,16.338563,77.703713
Relampadu Balancing Reservoir Dam,Jogulamba Gadwal,Deccan Spice Restaurant,restaurant,16.186724,77.663575
Relampadu Balancing Reservoir Dam,Jogulamba Gadwal,State Bank of India (SBI) ATM,atm,16.184024,77.661375
Relampadu Balancing Reservoir Dam,Jogulamba Gadwal,Government Primary Health Centre,hospital,16.187224,77.660575
Domakonda Fort,Kamareddy,TSTDC Haritha Tourism Restaurant,restaurant,18.1423,78.4698
Domakonda Fort,Kamareddy,Telangana Grameena Bank ATM,atm,18.1396,78.4676
Domakonda Fort,Kamareddy,Government Area Hospital,hospital,18.1428,78.4668
Issaipet Dam,Kamareddy,Sri Venkateswara Hotel & Dining,restaurant,18.370263,78.445978
Issaipet Dam,Kamareddy,State Bank of India (SBI) ATM,atm,18.367563,78.443778
Issaipet Dam,Kamareddy,Government Primary Health Centre,hospital,18.370763,78.442978
Kaulas Fort,Kamareddy,Deccan Spice Restaurant,restaurant,18.323994,77.6993
Kaulas Fort,Kamareddy,Telangana Grameena Bank ATM,atm,18.321294,77.6971
Kaulas Fort,Kamareddy,Government Area Hospital,hospital,18.324494,77.6963
Nizam Sagar Dam,Kamareddy,TSTDC Haritha Tourism Restaurant,restaurant,18.210995,77.932677
Nizam Sagar Dam,Kamareddy,State Bank of India (SBI) ATM,atm,18.208295,77.930477
Nizam Sagar Dam,Kamareddy,Government Primary Health Centre,hospital,18.211495,77.929677
Nizam Sagar Reservoir,Kamareddy,Sri Venkateswara Hotel & Dining,restaurant,18.175565,77.956472
Nizam Sagar Reservoir,Kamareddy,Telangana Grameena Bank ATM,atm,18.172865,77.954272
Nizam Sagar Reservoir,Kamareddy,Government Area Hospital,hospital,18.176065,77.953472
Pocharam Wildlife Sanctuary,Kamareddy,Deccan Spice Restaurant,restaurant,18.1515,78.1912
Elgandal Fort,Karimnagar,TSTDC Haritha Tourism Restaurant,restaurant,18.4365,79.0382
Elgandal Fort,Karimnagar,Telangana Grameena Bank ATM,atm,18.4338,79.036
Elgandal Fort,Karimnagar,Government Area Hospital,hospital,18.437,79.0352
Karimnagar Deer Park,Karimnagar,Sri Venkateswara Hotel & Dining,restaurant,18.4225,79.1522
Karimnagar Deer Park,Karimnagar,State Bank of India (SBI) ATM,atm,18.4198,79.15
Karimnagar Deer Park,Karimnagar,Government Primary Health Centre,hospital,18.423,79.1492
Ujwala Park,Karimnagar,Deccan Spice Restaurant,restaurant,18.4125,79.1422
Ujwala Park,Karimnagar,Telangana Grameena Bank ATM,atm,18.4098,79.14
Ujwala Park,Karimnagar,Government Area Hospital,hospital,18.413,79.1392
lower maneru dam,Karimnagar,TSTDC Haritha Tourism Restaurant,restaurant,18.409769,79.109526
lower maneru dam,Karimnagar,State Bank of India (SBI) ATM,atm,18.407069,79.107326
lower maneru dam,Karimnagar,Government Primary Health Centre,hospital,18.410269,79.106526
Nagunur Fort and Temples,Karimnagar,Sri Venkateswara Hotel & Dining,restaurant,18.4016,79.091
Nagunur Fort and Temples,Karimnagar,Telangana Grameena Bank ATM,atm,18.3989,79.0888
Nagunur Fort and Temples,Karimnagar,Government Area Hospital,hospital,18.4021,79.088
Molangur Fort,Karimnagar,Deccan Spice Restaurant,restaurant,18.4526,79.088
Molangur Fort,Karimnagar,State Bank of India (SBI) ATM,atm,18.4499,79.0858
Molangur Fort,Karimnagar,Government Primary Health Centre,hospital,18.4531,79.085
Amudalu Gutta,Khammam,TSTDC Haritha Tourism Restaurant,restaurant,16.894378,80.546388
Amudalu Gutta,Khammam,Telangana Grameena Bank ATM,atm,16.891678,80.544188
Amudalu Gutta,Khammam,Government Area Hospital,hospital,16.894878,80.543388
Jalari Gutta,Khammam,Sri Venkateswara Hotel & Dining,restaurant,16.92709,80.570504
Jalari Gutta,Khammam,State Bank of India (SBI) ATM,atm,16.92439,80.568304
Jalari Gutta,Khammam,Government Primary Health Centre,hospital,16.92759,80.567504
Kattaleru Check Dam,Khammam,Deccan Spice Restaurant,restaurant,16.951229,80.497389
Kattaleru Check Dam,Khammam,Telangana Grameena Bank ATM,atm,16.948529,80.495189
Kattaleru Check Dam,Khammam,Government Area Hospital,hospital,16.951729,80.494389
Khammam Fort,Khammam,TSTDC Haritha Tourism Restaurant,restaurant,17.2445,80.1482
Khammam Fort,Khammam,State Bank of India (SBI) ATM,atm,17.2418,80.146
Khammam Fort,Khammam,Government Primary Health Centre,hospital,17.245,80.1452
Kondakodima Hill,Khammam,Sri Venkateswara Hotel & Dining,restaurant,17.118522,80.366383
Kondakodima Hill,Khammam,Telangana Grameena Bank ATM,atm,17.115822,80.364183
Kondakodima Hill,Khammam,Government Area Hospital,hospital,17.119022,80.363383
Lakaram Lake,Khammam,Deccan Spice Restaurant,restaurant,17.2525,80.1612
Lakaram Lake,Khammam,State Bank of India (SBI) ATM,atm,17.2498,80.159
Lakaram Lake,Khammam,Government Primary Health Centre,hospital,17.253,80.1582
Nelakondapalli Buddhist Stupa,Khammam,TSTDC Haritha Tourism Restaurant,restaurant,17.1525,80.1012
Nelakondapalli Buddhist Stupa,Khammam,Telangana Grameena Bank ATM,atm,17.1498,80.099
Nelakondapalli Buddhist Stupa,Khammam,Government Area Hospital,hospital,17.153,80.0982
Pandavula Gutta,Khammam,Sri Venkateswara Hotel & Dining,restaurant,16.906316,80.537478
Pandavula Gutta,Khammam,State Bank of India (SBI) ATM,atm,16.903616,80.535278
Pandavula Gutta,Khammam,Government Primary Health Centre,hospital,16.906816,80.534478
Raati Darwaza,Khammam,Deccan Spice Restaurant,restaurant,17.2306,80.2446
Raati Darwaza,Khammam,Telangana Grameena Bank ATM,atm,17.2279,80.2424
Raati Darwaza,Khammam,Government Area Hospital,hospital,17.2311,80.2416
Tank Bund,Khammam,TSTDC Haritha Tourism Restaurant,restaurant,17.4195,78.4792
Tank Bund,Khammam,State Bank of India (SBI) ATM,atm,17.4168,78.477
Tank Bund,Khammam,Government Primary Health Centre,hospital,17.42,78.4762
Kusumanchi Temples,Khammam,Sri Venkateswara Hotel & Dining,restaurant,17.1426,80.2366
Kusumanchi Temples,Khammam,Telangana Grameena Bank ATM,atm,17.1399,80.2344
Kusumanchi Temples,Khammam,Government Area Hospital,hospital,17.1431,80.2336
Jodeghat Memorial,Komaram Bheem Asifabad,Deccan Spice Restaurant,restaurant,19.3415,79.1212
Jodeghat Memorial,Komaram Bheem Asifabad,State Bank of India (SBI) ATM,atm,19.3388,79.119
Jodeghat Memorial,Komaram Bheem Asifabad,Government Primary Health Centre,hospital,19.342,79.1182
Kerameri Ghats,Komaram Bheem Asifabad,TSTDC Haritha Tourism Restaurant,restaurant,19.4515,79.1912
Kerameri Ghats,Komaram Bheem Asifabad,Telangana Grameena Bank ATM,atm,19.4488,79.189
Kerameri Ghats,Komaram Bheem Asifabad,Government Area Hospital,hospital,19.452,79.1882
Kuravi Veerabhadra Swamy Temple,Mahabubabad,Sri Venkateswara Hotel & Dining,restaurant,17.3835,80.0562
Kuravi Veerabhadra Swamy Temple,Mahabubabad,State Bank of India (SBI) ATM,atm,17.3808,80.054
Kuravi Veerabhadra Swamy Temple,Mahabubabad,Government Primary Health Centre,hospital,17.384,80.0532
Pakhal WLS,Mahabubabad,Deccan Spice Restaurant,restaurant,17.922681,80.103033
Pakhal WLS,Mahabubabad,Telangana Grameena Bank ATM,atm,17.919981,80.100833
Pakhal WLS,Mahabubabad,Government Area Hospital,hospital,17.923181,80.100033
"palle prakruthi vanam (local village park, not a major tourist attraction)",Mahabubabad,TSTDC Haritha Tourism Restaurant,restaurant,17.493296,79.648832
"palle prakruthi vanam (local village park, not a major tourist attraction)",Mahabubabad,State Bank of India (SBI) ATM,atm,17.490596,79.646632
"palle prakruthi vanam (local village park, not a major tourist attraction)",Mahabubabad,Government Primary Health Centre,hospital,17.493796,79.645832
Koilsagar Dam,Mahabubnagar,Sri Venkateswara Hotel & Dining,restaurant,16.4035,77.7992
Koilsagar Dam,Mahabubnagar,Telangana Grameena Bank ATM,atm,16.4008,77.797
Koilsagar Dam,Mahabubnagar,Government Area Hospital,hospital,16.404,77.7962
Manyamkonda Temple,Mahabubnagar,Deccan Spice Restaurant,restaurant,16.6465,77.8932
Manyamkonda Temple,Mahabubnagar,State Bank of India (SBI) ATM,atm,16.6438,77.891
Manyamkonda Temple,Mahabubnagar,Government Primary Health Centre,hospital,16.647,77.8902
Pillalamarri Banyan Tree,Mahabubnagar,TSTDC Haritha Tourism Restaurant,restaurant,16.7635,78.0072
Pillalamarri Banyan Tree,Mahabubnagar,Telangana Grameena Bank ATM,atm,16.7608,78.005
Pillalamarri Banyan Tree,Mahabubnagar,Government Area Hospital,hospital,16.764,78.0042
Pillalamarri Mini Zoo,Mahabubnagar,Sri Venkateswara Hotel & Dining,restaurant,16.6896,77.98
Pillalamarri Mini Zoo,Mahabubnagar,State Bank of India (SBI) ATM,atm,16.6869,77.9778
Pillalamarri Mini Zoo,Mahabubnagar,Government Primary Health Centre,hospital,16.6901,77.977
Koilkonda Fort,Mahabubnagar,Deccan Spice Restaurant,restaurant,16.7306,77.961
Koilkonda Fort,Mahabubnagar,Telangana Grameena Bank ATM,atm,16.7279,77.9588
Koilkonda Fort,Mahabubnagar,Government Area Hospital,hospital,16.7311,77.958
Annaram Barrage,Mancherial,TSTDC Haritha Tourism Restaurant,restaurant,18.764887,79.825596
Annaram Barrage,Mancherial,State Bank of India (SBI) ATM,atm,18.762187,79.823396
Annaram Barrage,Mancherial,Government Primary Health Centre,hospital,18.765387,79.822596
Gandhari Killa,Mancherial,Sri Venkateswara Hotel & Dining,restaurant,18.9115,79.4112
Gandhari Killa,Mancherial,Telangana Grameena Bank ATM,atm,18.9088,79.409
Gandhari Killa,Mancherial,Government Area Hospital,hospital,18.912,79.4082
Kawal Tiger Reserve,Mancherial,Deccan Spice Restaurant,restaurant,19.1215,78.9512
Kawal Tiger Reserve,Mancherial,State Bank of India (SBI) ATM,atm,19.1188,78.949
Kawal Tiger Reserve,Mancherial,Government Primary Health Centre,hospital,19.122,78.9482
Medigadda Barrage Complex,Mancherial,TSTDC Haritha Tourism Restaurant,restaurant,18.717614,80.067875
Medigadda Barrage Complex,Mancherial,Telangana Grameena Bank ATM,atm,18.714914,80.065675
Medigadda Barrage Complex,Mancherial,Government Area Hospital,hospital,18.718114,80.064875
Parvati Barrage,Mancherial,Sri Venkateswara Hotel & Dining,restaurant,18.73848,79.613215
Parvati Barrage,Mancherial,State Bank of India (SBI) ATM,atm,18.73578,79.611015
Parvati Barrage,Mancherial,Government Primary Health Centre,hospital,18.73898,79.610215
Pranahita WLS,Mancherial,Deccan Spice Restaurant,restaurant,18.96474,79.868158
Pranahita WLS,Mancherial,Telangana Grameena Bank ATM,atm,18.96204,79.865958
Pranahita WLS,Mancherial,Government Area Hospital,hospital,18.96524,79.865158
Air Force Academy Museum (AFA Museum),Medchal-Malkajgiri,TSTDC Haritha Tourism Restaurant,restaurant,17.638697,78.405024
Air Force Academy Museum (AFA Museum),Medchal-Malkajgiri,State Bank of India (SBI) ATM,atm,17.635997,78.402824
Air Force Academy Museum (AFA Museum),Medchal-Malkajgiri,Government Primary Health Centre,hospital,17.639197,78.402024
"Air Force Museum, Hakimpet",Medchal-Malkajgiri,Sri Venkateswara Hotel & Dining,restaurant,17.5567,78.5276
"Air Force Museum, Hakimpet",Medchal-Malkajgiri,Telangana Grameena Bank ATM,atm,17.554,78.5254
"Air Force Museum, Hakimpet",Medchal-Malkajgiri,Government Area Hospital,hospital,17.5572,78.5246
Edulabad Lake,Medchal-Malkajgiri,Deccan Spice Restaurant,restaurant,17.427031,78.699106
Edulabad Lake,Medchal-Malkajgiri,State Bank of India (SBI) ATM,atm,17.424331,78.696906
Edulabad Lake,Medchal-Malkajgiri,Government Primary Health Centre,hospital,17.427531,78.696106
Anandavihara Buddhist Monastery,Medchal-Malkajgiri,TSTDC Haritha Tourism Restaurant,restaurant,17.4811,78.6075
Anandavihara Buddhist Monastery,Medchal-Malkajgiri,Telangana Grameena Bank ATM,atm,17.4784,78.6053
Anandavihara Buddhist Monastery,Medchal-Malkajgiri,Government Area Hospital,hospital,17.4816,78.6045
Saigeetha Ashramam,Medchal-Malkajgiri,Sri Venkateswara Hotel & Dining,restaurant,17.580932,78.503282
Saigeetha Ashramam,Medchal-Malkajgiri,State Bank of India (SBI) ATM,atm,17.578232,78.501082
Saigeetha Ashramam,Medchal-Malkajgiri,Government Primary Health Centre,hospital,17.581432,78.500282
Genome Valley Nature Area,Medchal-Malkajgiri,Deccan Spice Restaurant,restaurant,17.435202,78.546876
Genome Valley Nature Area,Medchal-Malkajgiri,Telangana Grameena Bank ATM,atm,17.432502,78.544676
Genome Valley Nature Area,Medchal-Malkajgiri,Government Area Hospital,hospital,17.435702,78.543876
Bedam Gutta,Mulugu,TSTDC Haritha Tourism Restaurant,restaurant,18.400984,80.715505
Bedam Gutta,Mulugu,State Bank of India (SBI) ATM,atm,18.398284,80.713305
Bedam Gutta,Mulugu,Government Primary Health Centre,hospital,18.401484,80.712505
Doli Gutta,Mulugu,Sri Venkateswara Hotel & Dining,restaurant,18.344355,80.742215
Doli Gutta,Mulugu,Telangana Grameena Bank ATM,atm,18.341655,80.740015
Doli Gutta,Mulugu,Government Area Hospital,hospital,18.344855,80.739215
Ghanpur Cheruvu (local lake),Mulugu,Deccan Spice Restaurant,restaurant,18.305414,79.858785
Ghanpur Cheruvu (local lake),Mulugu,State Bank of India (SBI) ATM,atm,18.302713,79.856585
Ghanpur Cheruvu (local lake),Mulugu,Government Primary Health Centre,hospital,18.305913,79.855785
Sammakka Barrage,Mulugu,TSTDC Haritha Tourism Restaurant,restaurant,18.587741,80.392099
Sammakka Barrage,Mulugu,Telangana Grameena Bank ATM,atm,18.585041,80.389899
Sammakka Barrage,Mulugu,Government Area Hospital,hospital,18.588241,80.389099
Tadvai Forest,Mulugu,Sri Venkateswara Hotel & Dining,restaurant,18.347,80.3582
Tadvai Forest,Mulugu,State Bank of India (SBI) ATM,atm,18.3443,80.356
Tadvai Forest,Mulugu,Government Primary Health Centre,hospital,18.3475,80.3552
Chandra Sagar (local lake),Nagarkurnool,Deccan Spice Restaurant,restaurant,16.42359,78.725193
Chandra Sagar (local lake),Nagarkurnool,Telangana Grameena Bank ATM,atm,16.42089,78.722993
Chandra Sagar (local lake),Nagarkurnool,Government Area Hospital,hospital,16.42409,78.722193
Environment Educational Centre,Nagarkurnool,TSTDC Haritha Tourism Restaurant,restaurant,16.378081,78.756585
Environment Educational Centre,Nagarkurnool,State Bank of India (SBI) ATM,atm,16.375381,78.754385
Environment Educational Centre,Nagarkurnool,Government Primary Health Centre,hospital,16.378581,78.753585
Farhabad Viewpoint,Nagarkurnool,Sri Venkateswara Hotel & Dining,restaurant,16.2215,78.8812
Farhabad Viewpoint,Nagarkurnool,Telangana Grameena Bank ATM,atm,16.2188,78.879
Farhabad Viewpoint,Nagarkurnool,Government Area Hospital,hospital,16.222,78.8782
Mallela Theertham Waterfalls,Nagarkurnool,Deccan Spice Restaurant,restaurant,16.3818,78.8699
Mallela Theertham Waterfalls,Nagarkurnool,State Bank of India (SBI) ATM,atm,16.3791,78.8677
Mallela Theertham Waterfalls,Nagarkurnool,Government Primary Health Centre,hospital,16.3823,78.8669
Munnanur Jungle Resort,Nagarkurnool,TSTDC Haritha Tourism Restaurant,restaurant,16.377,78.758299
Munnanur Jungle Resort,Nagarkurnool,Telangana Grameena Bank ATM,atm,16.3743,78.756099
Munnanur Jungle Resort,Nagarkurnool,Government Area Hospital,hospital,16.3775,78.755299
Nagarjuna Sagar-Srisailam Tiger Reserve,Nagarkurnool,Sri Venkateswara Hotel & Dining,restaurant,16.036309,78.932375
Nagarjuna Sagar-Srisailam Tiger Reserve,Nagarkurnool,State Bank of India (SBI) ATM,atm,16.033609,78.930175
Nagarjuna Sagar-Srisailam Tiger Reserve,Nagarkurnool,Government Primary Health Centre,hospital,16.036809,78.929375
Latif Saheb Dargah,Nalgonda,Deccan Spice Restaurant,restaurant,17.0515,79.2712
Latif Saheb Dargah,Nalgonda,Telangana Grameena Bank ATM,atm,17.0488,79.269
Latif Saheb Dargah,Nalgonda,Government Area Hospital,hospital,17.052,79.2682
Akkampally Reservoir,Nalgonda,TSTDC Haritha Tourism Restaurant,restaurant,16.714,79.1317
Akkampally Reservoir,Nalgonda,State Bank of India (SBI) ATM,atm,16.7113,79.1295
Akkampally Reservoir,Nalgonda,Government Primary Health Centre,hospital,16.7145,79.1287
Old Fortress on Gutta,Nalgonda,Sri Venkateswara Hotel & Dining,restaurant,17.047398,79.259908
Old Fortress on Gutta,Nalgonda,Telangana Grameena Bank ATM,atm,17.044698,79.257708
Old Fortress on Gutta,Nalgonda,Government Area Hospital,hospital,17.047898,79.256908
Devarakonda Fort,Nalgonda,Deccan Spice Restaurant,restaurant,16.6731,79.2441
Devarakonda Fort,Nalgonda,State Bank of India (SBI) ATM,atm,16.6704,79.2419
Devarakonda Fort,Nalgonda,Government Primary Health Centre,hospital,16.6736,79.2411
Chaya Someshwara Temple (Panagal),Nalgonda,TSTDC Haritha Tourism Restaurant,restaurant,17.0598,79.2762
Chaya Someshwara Temple (Panagal),Nalgonda,Telangana Grameena Bank ATM,atm,17.0571,79.274
Chaya Someshwara Temple (Panagal),Nalgonda,Government Area Hospital,hospital,17.0603,79.2732
Wadapally Sri Lakshmi Narasimha Swamy Temple,Nalgonda,Sri Venkateswara Hotel & Dining,restaurant,16.6891,79.2121
Wadapally Sri Lakshmi Narasimha Swamy Temple,Nalgonda,State Bank of India (SBI) ATM,atm,16.6864,79.2099
Wadapally Sri Lakshmi Narasimha Swamy Temple,Nalgonda,Government Primary Health Centre,hospital,16.6896,79.2091
Wadapally Sri Meenakshi Agastheeshwara Temple,Nalgonda,Deccan Spice Restaurant,restaurant,16.7281,79.1941
Wadapally Sri Meenakshi Agastheeshwara Temple,Nalgonda,Telangana Grameena Bank ATM,atm,16.7254,79.1919
Wadapally Sri Meenakshi Agastheeshwara Temple,Nalgonda,Government Area Hospital,hospital,16.7286,79.1911
Narayanpet Saree Weaving,Narayanpet,TSTDC Haritha Tourism Restaurant,restaurant,16.7365,77.5032
Narayanpet Saree Weaving,Narayanpet,State Bank of India (SBI) ATM,atm,16.7338,77.501
Narayanpet Saree Weaving,Narayanpet,Government Primary Health Centre,hospital,16.737,77.5002
Bhattisgarh Fort,Nirmal,Sri Sai Ram Tiffin & Mess Center,restaurant,19.0982,78.3626
Bhattisgarh Fort,Nirmal,"Telangana Grameena Bank ATM, Basara",atm,19.0955,78.3604
Bhattisgarh Fort,Nirmal,Nirmal Area Hospital,hospital,19.0987,78.3596
Kadam Dam,Nirmal,Basara Temple Annadanam Complex,restaurant,19.1425,78.7912
Kaddam Lake,Nirmal,Hotel Sri Krishna,restaurant,19.1515,78.7298
Kaddam Lake,Nirmal,"Telangana Grameena Bank ATM, Basara",atm,19.1488,78.7276
Kaddam Lake,Nirmal,Nirmal Area Hospital,hospital,19.152,78.7268
Kawal WLS/Tiger Reserve,Nirmal,"TG TSTDC Haritha Hotel & Restaurant, Basara",restaurant,19.2095,78.8286
Kawal WLS/Tiger Reserve,Nirmal,"State Bank of India (SBI) ATM, Basara",atm,19.2068,78.8264
Kawal WLS/Tiger Reserve,Nirmal,"Government Primary Health Centre, Basara",hospital,19.21,78.8256
Pochampad Dam,Nirmal,Sri Sai Ram Tiffin & Mess Center,restaurant,18.9733,78.3277
Pochampad Dam,Nirmal,"Telangana Grameena Bank ATM, Basara",atm,18.9706,78.3255
Pochampad Dam,Nirmal,Nirmal Area Hospital,hospital,18.9738,78.3247
Pushkar Ghat,Nirmal,Basara Temple Annadanam Complex,restaurant,19.003352,78.383887
Pushkar Ghat,Nirmal,"State Bank of India (SBI) ATM, Basara",atm,19.000652,78.381687
Pushkar Ghat,Nirmal,"Government Primary Health Centre, Basara",hospital,19.003852,78.380887
Shyamgarh Fort,Nirmal,Hotel Sri Krishna,restaurant,19.0975,78.3382
Shyamgarh Fort,Nirmal,"Telangana Grameena Bank ATM, Basara",atm,19.0948,78.336
Shyamgarh Fort,Nirmal,Nirmal Area Hospital,hospital,19.098,78.3352
Alisagar Deer Park,Nizamabad,Venkateswara Grand,restaurant,18.6495,78.0207
Alisagar Deer Park,Nizamabad,State Bank of India ATM,atm,18.6468,78.0185
Alisagar Deer Park,Nizamabad,Government General Hospital Nizamabad,hospital,18.65,78.0177
Mallaram Forest,Nizamabad,Capital Restaurant & Hotel,restaurant,18.6815,78.1612
Mallaram Forest,Nizamabad,Telangana Grameena Bank ATM,atm,18.6788,78.159
Mallaram Forest,Nizamabad,Pragathi Hospital,hospital,18.682,78.1582
Nizamabad Fort,Nizamabad,Hotel Nikhil Sai International,restaurant,18.6765,78.0912
Nizamabad Fort,Nizamabad,State Bank of India ATM,atm,18.6738,78.089
Nizamabad Fort,Nizamabad,Government General Hospital Nizamabad,hospital,18.677,78.0882
Sriram Sagar,Nizamabad,Venkateswara Grand,restaurant,18.958,78.1146
Sriram Sagar,Nizamabad,Telangana Grameena Bank ATM,atm,18.9553,78.1124
Sriram Sagar,Nizamabad,Pragathi Hospital,hospital,18.9585,78.1116
Bugga Rameshwara Temple,Nizamabad,Capital Restaurant & Hotel,restaurant,18.7544,78.1105
Bugga Rameshwara Temple,Nizamabad,State Bank of India ATM,atm,18.7517,78.1083
Bugga Rameshwara Temple,Nizamabad,Government General Hospital Nizamabad,hospital,18.7549,78.1075
Sarangapur Hanuman Temple,Nizamabad,Hotel Nikhil Sai International,restaurant,18.7524,78.0885
Sarangapur Hanuman Temple,Nizamabad,Telangana Grameena Bank ATM,atm,18.7497,78.0863
Sarangapur Hanuman Temple,Nizamabad,Pragathi Hospital,hospital,18.7529,78.0855
Dichpally Ramalayam (Khilla Ramalayam),Nizamabad,Venkateswara Grand,restaurant,18.7614,78.0845
Dichpally Ramalayam (Khilla Ramalayam),Nizamabad,State Bank of India ATM,atm,18.7587,78.0823
Dichpally Ramalayam (Khilla Ramalayam),Nizamabad,Government General Hospital Nizamabad,hospital,18.7619,78.0815
Sri Neelakanteshwara Temple,Nizamabad,Capital Restaurant & Hotel,restaurant,18.7644,78.0885
Sri Neelakanteshwara Temple,Nizamabad,Telangana Grameena Bank ATM,atm,18.7617,78.0863
Sri Neelakanteshwara Temple,Nizamabad,Pragathi Hospital,hospital,18.7649,78.0855
Jankampet Lakshmi Narasimha Swamy Temple,Nizamabad,Hotel Nikhil Sai International,restaurant,18.7934,78.0845
Jankampet Lakshmi Narasimha Swamy Temple,Nizamabad,State Bank of India ATM,atm,18.7907,78.0823
Jankampet Lakshmi Narasimha Swamy Temple,Nizamabad,Government General Hospital Nizamabad,hospital,18.7939,78.0815
Lanja Madugu Siwaram WLS,Peddapalli,Deccan Spice Restaurant,restaurant,18.6806,79.735801
Lanja Madugu Siwaram WLS,Peddapalli,Telangana Grameena Bank ATM,atm,18.6779,79.733601
Lanja Madugu Siwaram WLS,Peddapalli,Government Area Hospital,hospital,18.6811,79.732801
Ramagiri Khilla,Peddapalli,TSTDC Haritha Tourism Restaurant,restaurant,18.5785,79.5462
Ramagiri Khilla,Peddapalli,State Bank of India (SBI) ATM,atm,18.5758,79.544
Ramagiri Khilla,Peddapalli,Government Primary Health Centre,hospital,18.579,79.5432
Sabitham Waterfalls,Peddapalli,Sri Venkateswara Hotel & Dining,restaurant,18.6115,79.6212
Sabitham Waterfalls,Peddapalli,Telangana Grameena Bank ATM,atm,18.6088,79.619
Sabitham Waterfalls,Peddapalli,Government Area Hospital,hospital,18.612,79.6182
Ananthagiri Storage Reservoir,Rajanna Sircilla,Deccan Spice Restaurant,restaurant,18.3725,78.7552
Ananthagiri Storage Reservoir,Rajanna Sircilla,State Bank of India (SBI) ATM,atm,18.3698,78.753
Ananthagiri Storage Reservoir,Rajanna Sircilla,Government Primary Health Centre,hospital,18.373,78.7522
Mid Manair Dam,Rajanna Sircilla,TSTDC Haritha Tourism Restaurant,restaurant,18.404393,78.946993
Mid Manair Dam,Rajanna Sircilla,Telangana Grameena Bank ATM,atm,18.401693,78.944793
Mid Manair Dam,Rajanna Sircilla,Government Area Hospital,hospital,18.404893,78.943993
Upper Manair Dam,Rajanna Sircilla,Sri Venkateswara Hotel & Dining,restaurant,18.272784,78.548308
Upper Manair Dam,Rajanna Sircilla,State Bank of India (SBI) ATM,atm,18.270084,78.546108
Upper Manair Dam,Rajanna Sircilla,Government Primary Health Centre,hospital,18.273284,78.545308
Devatala Gutta,Ranga Reddy,Deccan Spice Restaurant,restaurant,17.297233,78.514467
Devatala Gutta,Ranga Reddy,Telangana Grameena Bank ATM,atm,17.294533,78.512267
Devatala Gutta,Ranga Reddy,Government Area Hospital,hospital,17.297733,78.511467
Fakhruddin Gutta,Ranga Reddy,TSTDC Haritha Tourism Restaurant,restaurant,17.411289,78.366383
Fakhruddin Gutta,Ranga Reddy,State Bank of India (SBI) ATM,atm,17.408589,78.364183
Fakhruddin Gutta,Ranga Reddy,Government Primary Health Centre,hospital,17.411789,78.363383
Kanha Shanti Vanam,Ranga Reddy,Sri Venkateswara Hotel & Dining,restaurant,17.1487,78.2684
Kanha Shanti Vanam,Ranga Reddy,Telangana Grameena Bank ATM,atm,17.146,78.2662
Kanha Shanti Vanam,Ranga Reddy,Government Area Hospital,hospital,17.1492,78.2654
Kripalu Cave,Ranga Reddy,Deccan Spice Restaurant,restaurant,17.261945,78.682015
Kripalu Cave,Ranga Reddy,State Bank of India (SBI) ATM,atm,17.259245,78.679815
Kripalu Cave,Ranga Reddy,Government Primary Health Centre,hospital,17.262445,78.679015
Maheshwaram Pyramid Temple,Ranga Reddy,TSTDC Haritha Tourism Restaurant,restaurant,17.1365,78.4362
Maheshwaram Pyramid Temple,Ranga Reddy,Telangana Grameena Bank ATM,atm,17.1338,78.434
Maheshwaram Pyramid Temple,Ranga Reddy,Government Area Hospital,hospital,17.137,78.4332
Nizami View Point,Ranga Reddy,Sri Venkateswara Hotel & Dining,restaurant,17.382148,78.318444
Nizami View Point,Ranga Reddy,State Bank of India (SBI) ATM,atm,17.379448,78.316244
Nizami View Point,Ranga Reddy,Government Primary Health Centre,hospital,17.382648,78.315444
Pahadi Shareef Dargah,Ranga Reddy,Deccan Spice Restaurant,restaurant,17.269192,78.473126
Pahadi Shareef Dargah,Ranga Reddy,Telangana Grameena Bank ATM,atm,17.266492,78.470926
Pahadi Shareef Dargah,Ranga Reddy,Government Area Hospital,hospital,17.269692,78.470126
Wonderla Hyderabad,Ranga Reddy,TSTDC Haritha Tourism Restaurant,restaurant,17.3211,78.4493
Wonderla Hyderabad,Ranga Reddy,State Bank of India (SBI) ATM,atm,17.3184,78.4471
Wonderla Hyderabad,Ranga Reddy,Government Primary Health Centre,hospital,17.3216,78.4463
Mrugavani National Park,Ranga Reddy,Sri Venkateswara Hotel & Dining,restaurant,17.3511,78.3713
Mrugavani National Park,Ranga Reddy,Telangana Grameena Bank ATM,atm,17.3484,78.3691
Mrugavani National Park,Ranga Reddy,Government Area Hospital,hospital,17.3516,78.3683
Ameenpur Lake,Sangareddy,Deccan Spice Restaurant,restaurant,17.525109,78.33464
Ameenpur Lake,Sangareddy,State Bank of India (SBI) ATM,atm,17.522409,78.33244
Ameenpur Lake,Sangareddy,Government Primary Health Centre,hospital,17.525609,78.33164
Heritage Jail Museum,Sangareddy,TSTDC Haritha Tourism Restaurant,restaurant,17.6193,78.0874
Heritage Jail Museum,Sangareddy,Telangana Grameena Bank ATM,atm,17.6166,78.0852
Heritage Jail Museum,Sangareddy,Government Area Hospital,hospital,17.6198,78.0844
Manjeera Crocodile Wildlife Sanctuary,Sangareddy,Sri Venkateswara Hotel & Dining,restaurant,17.703,78.0032
Manjeera Crocodile Wildlife Sanctuary,Sangareddy,State Bank of India (SBI) ATM,atm,17.7003,78.001
Manjeera Crocodile Wildlife Sanctuary,Sangareddy,Government Primary Health Centre,hospital,17.7035,78.0002
Manjira Dam,Sangareddy,Deccan Spice Restaurant,restaurant,17.658334,78.076826
Manjira Dam,Sangareddy,Telangana Grameena Bank ATM,atm,17.655634,78.074626
Manjira Dam,Sangareddy,Government Area Hospital,hospital,17.658834,78.073826
Penthouse Cave,Sangareddy,TSTDC Haritha Tourism Restaurant,restaurant,18.201613,77.699673
Penthouse Cave,Sangareddy,State Bank of India (SBI) ATM,atm,18.198913,77.697473
Penthouse Cave,Sangareddy,Government Primary Health Centre,hospital,18.202113,77.696673
Komuravelli Mallikarjuna Swamy Temple,Siddipet,Sri Venkateswara Hotel & Dining,restaurant,17.8879,78.9674
Komuravelli Mallikarjuna Swamy Temple,Siddipet,Telangana Grameena Bank ATM,atm,17.8852,78.9652
Komuravelli Mallikarjuna Swamy Temple,Siddipet,Government Area Hospital,hospital,17.8884,78.9644
Konda Pochamma Sagar Reservoir,Siddipet,Deccan Spice Restaurant,restaurant,17.7625,78.7135
Konda Pochamma Sagar Reservoir,Siddipet,State Bank of India (SBI) ATM,atm,17.7598,78.7113
Konda Pochamma Sagar Reservoir,Siddipet,Government Primary Health Centre,hospital,17.763,78.7105
Ranganayaka Sagar Reservoir,Siddipet,TSTDC Haritha Tourism Restaurant,restaurant,18.1536,78.8545
Ranganayaka Sagar Reservoir,Siddipet,Telangana Grameena Bank ATM,atm,18.1509,78.8523
Ranganayaka Sagar Reservoir,Siddipet,Government Area Hospital,hospital,18.1541,78.8515
Phanigiri Buddhist Site,Suryapet,Sri Venkateswara Hotel & Dining,restaurant,17.3415,79.4812
Phanigiri Buddhist Site,Suryapet,State Bank of India (SBI) ATM,atm,17.3388,79.479
Phanigiri Buddhist Site,Suryapet,Government Primary Health Centre,hospital,17.342,79.4782
Pillalamarri Temple,Suryapet,Deccan Spice Restaurant,restaurant,17.1525,79.6112
Pillalamarri Temple,Suryapet,Telangana Grameena Bank ATM,atm,17.1498,79.609
Pillalamarri Temple,Suryapet,Government Area Hospital,hospital,17.153,79.6082
Undrugonda Fort,Suryapet,TSTDC Haritha Tourism Restaurant,restaurant,17.095373,79.682763
Undrugonda Fort,Suryapet,State Bank of India (SBI) ATM,atm,17.092673,79.680563
Undrugonda Fort,Suryapet,Government Primary Health Centre,hospital,17.095873,79.679763
Mellacheruvu Shambhu Lingeswara Temple,Suryapet,Sri Venkateswara Hotel & Dining,restaurant,17.1238,79.6754
Mellacheruvu Shambhu Lingeswara Temple,Suryapet,Telangana Grameena Bank ATM,atm,17.1211,79.6732
Mellacheruvu Shambhu Lingeswara Temple,Suryapet,Government Area Hospital,hospital,17.1243,79.6724
Anantha Padmanabha Swamy Temple,Vikarabad,Deccan Spice Restaurant,restaurant,17.313,77.8666
Anantha Padmanabha Swamy Temple,Vikarabad,State Bank of India (SBI) ATM,atm,17.3103,77.8644
Anantha Padmanabha Swamy Temple,Vikarabad,Government Primary Health Centre,hospital,17.3135,77.8636
Chincholi Wildlife Sanctuary,Vikarabad,TSTDC Haritha Tourism Restaurant,restaurant,17.3954,77.7385
Chincholi Wildlife Sanctuary,Vikarabad,Telangana Grameena Bank ATM,atm,17.3927,77.7363
Chincholi Wildlife Sanctuary,Vikarabad,Government Area Hospital,hospital,17.3959,77.7355
Kotepally Reservoir,Vikarabad,Sri Venkateswara Hotel & Dining,restaurant,17.3835,77.7292
Kotepally Reservoir,Vikarabad,State Bank of India (SBI) ATM,atm,17.3808,77.727
Kotepally Reservoir,Vikarabad,Government Primary Health Centre,hospital,17.384,77.7262
Sarala Sagar Project,Wanaparthy,Deccan Spice Restaurant,restaurant,16.2725,77.9412
Sarala Sagar Project,Wanaparthy,Telangana Grameena Bank ATM,atm,16.2698,77.939
Sarala Sagar Project,Wanaparthy,Government Area Hospital,hospital,16.273,77.9382
Wanaparthy Palace,Wanaparthy,TSTDC Haritha Tourism Restaurant,restaurant,16.3635,78.0622
Wanaparthy Palace,Wanaparthy,State Bank of India (SBI) ATM,atm,16.3608,78.06
Wanaparthy Palace,Wanaparthy,Government Primary Health Centre,hospital,16.364,78.0592
Lalitha Someswara Swamy Temple (Somasila),Nagarkurnool,Sri Venkateswara Hotel & Dining,restaurant,16.0423,78.3044
Lalitha Someswara Swamy Temple (Somasila),Nagarkurnool,Telangana Grameena Bank ATM,atm,16.0396,78.3022
Lalitha Someswara Swamy Temple (Somasila),Nagarkurnool,Government Area Hospital,hospital,16.0428,78.3014
Jatprole (Jetaprolu),Nagarkurnool,Deccan Spice Restaurant,restaurant,16.0383,78.2723
Jatprole (Jetaprolu),Nagarkurnool,State Bank of India (SBI) ATM,atm,16.0356,78.2701
Jatprole (Jetaprolu),Nagarkurnool,Government Primary Health Centre,hospital,16.0388,78.2693
Chinna waddepalli lake (Local lake),Warangal,TSTDC Haritha Kakatiya Hotel,restaurant,18.008038,79.601165
Chinna waddepalli lake (Local lake),Warangal,Union Bank of India ATM,atm,18.005338,79.598965
Chinna waddepalli lake (Local lake),Warangal,Rohini Hospital,hospital,18.008538,79.598165
Rani Rudramadevi Statue,Warangal,Ramappa Mess & Restaurant,restaurant,17.989207,79.602537
Rani Rudramadevi Statue,Warangal,State Bank of India ATM,atm,17.986507,79.600337
Rani Rudramadevi Statue,Warangal,Government Area Hospital Warangal,hospital,17.989707,79.599537
Pochampally Handloom Park,Yadadri Bhuvanagiri,Hotel Sri Kanakadurga,restaurant,17.3499,78.8155
Pochampally Handloom Park,Yadadri Bhuvanagiri,Union Bank of India ATM,atm,17.3472,78.8133
Pochampally Handloom Park,Yadadri Bhuvanagiri,Yadadri Community Health Center,hospital,17.3504,78.8125
Rachakonda Fort,Yadadri Bhuvanagiri,TSTDC Haritha Hotel Yadadri,restaurant,17.1867,78.8054
Rachakonda Fort,Yadadri Bhuvanagiri,State Bank of India ATM Yadadri,atm,17.184,78.8032
Rachakonda Fort,Yadadri Bhuvanagiri,Government Area Hospital Bhongir,hospital,17.1872,78.8024
